[
	{
		"msgid": "AboutDialog - About Travel & Notes",
		"msgstr": "À propos de Travel & Notes"
	},
	{
		"msgid": "AddressControl - Address",
		"msgstr": " Adresse :"
	},
	{
		"msgid": "AddressControl - Reset address",
		"msgstr": "Mettre l'adresse à jour avec Nominatim"
	},
	{
		"msgid": "AllManeuverNotesBuilder - Add a note for each maneuver",
		"msgstr": "Ajouter une note pour chaque manœuvre"
	},
	{
		"msgid": "AllManeuverNotesBuilder - Add a note for each maneuver. Are you sure?",
		"msgstr": "Vous allez ajouter {noteLength} notes. Cela va consommer beaucoup de ressources sur le serveur OpenStreetMap et prendre du temps. Êtes vous sûr de vouloir continuer?"
	},
	{
		"msgid": "AllManeuverNotesBuilder - Creating note",
		"msgstr": "Création de la note {noteNumber} de {notesLength}"
	},
	{
		"msgid": "AllManeuverNotesBuilder - max maneuvers notes reached {maneuversLength}{maxManeuversNotes}",
		"msgstr": "Vous voulez créer {maneuversLength} notes. Pour des raisons de performance, le nombre de notes est limité à {maxManeuversNotes} pour cette démo. Modifiez votre trajet."
	},
	{
		"msgid": "ApiKeysDialog - empty api key name or value",
		"msgstr": "Un nom de clé ou une clé d'accès n'est pas complété"
	},
	{
		"msgid": "ApiKeyControlRow - api key",
		"msgstr": "Clé d'accès"
	},
	{
		"msgid": "ApiKeyControlRow - delete api key",
		"msgstr": "effacer la clé d'accès"
	},
	{
		"msgid": "ApiKeyControlRow - provider name",
		"msgstr": "Fournisseur"
	},
	{
		"msgid": "ApiKeysDialog - api keys",
		"msgstr": "Clés d'accès"
	},
	{
		"msgid": "ApiKeysDialogToolbar - new api key",
		"msgstr": "Nouvelle clé d'accès"
	},
	{
		"msgid": "ApiKeysDialogToolbar - Open file",
		"msgstr": "Ouvrir un fichier avec mot de passe"
	},
	{
		"msgid": "ApiKeysDialogToolbar - Open json file",
		"msgstr": "Ouvrir un fichier sans mot de passe"
	},
	{
		"msgid": "ApiKeysDialogToolbar - Reload from server",
		"msgstr": "Recharger les clefs d'accès depuis le serveur web"
	},
	{
		"msgid": "ApiKeysDialogToolbar - Save to file",
		"msgstr": "Sauver dans un fichier avec mot de passe"
	},
	{
		"msgid": "ApiKeysDialogToolbar - Save to json file",
		"msgstr": "Sauver dans un fichier SANS mot de passe"
	},
	{
		"msgid": "ApiKeysManager - An error occurs when reading the ApiKeys file",
		"msgstr": "Une erreur est survenue lors de la lecture des clefs d'accès"
	},
	{
		"msgid": "ArrowAndTooltipFinder - Continue",
		"msgstr": "Continuer"
	},
	{
		"msgid": "ArrowAndTooltipFinder - Start",
		"msgstr": "Départ"
	},
	{
		"msgid": "ArrowAndTooltipFinder - Stop",
		"msgstr": "Arrivée"
	},
	{
		"msgid": "ArrowAndTooltipFinder - Turn left",
		"msgstr": "Tourner à gauche"
	},
	{
		"msgid": "ArrowAndTooltipFinder - Turn right",
		"msgstr": "Tourner à droite"
	},
	{
		"msgid": "ArrowAndTooltipFinder - Turn sharp left",
		"msgstr": "Tourner fortement à gauche"
	},
	{
		"msgid": "ArrowAndTooltipFinder - Turn sharp right",
		"msgstr": "Tourner fortement à droite"
	},
	{
		"msgid": "ArrowAndTooltipFinder - Turn slight left",
		"msgstr": "Tourner légèrement à gauche"
	},
	{
		"msgid": "ArrowAndTooltipFinder - Turn slight right",
		"msgstr": "Tourner légèrement à droite"
	},
	{
		"msgid": "BaseContextMenu - Close",
		"msgstr": "Fermer"
	},
	{
		"msgid": "BaseDialog - Cancel",
		"msgstr": "Abandonner"
	},
	{
		"msgid": "ColorControl - Blue",
		"msgstr": "Bleu"
	},
	{
		"msgid": "ColorControl - Green",
		"msgstr": "Vert"
	},
	{
		"msgid": "ColorControl - Red",
		"msgstr": "Rouge"
	},
	{
		"msgid": "DataEncryptorHandlers - An error occurs when reading the file",
		"msgstr": "Une erreur est survenue lors de la lecture du fichier"
	},
	{
		"msgid": "DataEncryptorHandlers - An error occurs when saving the keys",
		"msgstr": "Une erreur est survenue lors de la sauvegarde des clés d'accès"
	},
	{
		"msgid": "EditedRouteMouseOverEL - Drag and drop to add a waypoint",
		"msgstr": "Faites glisser et déposez pour ajouter un point de passage ou faites un clic droit pour le menu"
	},
	{
		"msgid": "ErrorUI - Dont show again",
		"msgstr": "Ne plus montrer l'aide"
	},
	{
		"msgid": "FileLoader - Not possible to select as provider",
		"msgstr": "Impossible de sélectionner {provider}"
	},
	{
		"msgid": "FullScreenUI - start full screen",
		"msgstr": "Cliquez ici pour activer le mode plein écran"
	},
	{
		"msgid": "GeoLocator - Geolocation disabled on the device",
		"msgstr": "la geolocalisation est désactivée"
	},	
	{
		"msgid": "GpxParser - Go to network node",
		"msgstr": " - se diriger vers le nœud "
	},
	{
		"msgid": "GpxParser - Network node",
		"msgstr": "Point-nœud "
	},
	{
		"msgid": "Help - Complete the ApiKeys1",
		"msgstr": "Utilisez le bouton + pour ajouter un fournisseur."
	},
	{
		"msgid": "Help - Complete the ApiKeys2",
		"msgstr": "Introduisez à gauche le nom du fournisseur d'accès. Celui-ci doit être 'Mapbox', 'GraphHopper', 'OpenRouteservice' ou 'MapzenValhalla' pour un fournisseur d'itinéraires ou 'Mapbox, 'Thunderforest' ou 'Lantmateriet' pour un fournisseur de cartes."
	},
	{
		"msgid": "Help - Complete the ApiKeys3",
		"msgstr": "Complétez à droite avec votre clef d'accès"
	},
	{
		"msgid": "Help - Continue with interface1",
		"msgstr": "Déplacez votre souris sur le rectangle noir \"Travel & Notes\" dans le coin supérieur droit pour afficher l'interface."
	},
	{
		"msgid": "Help - Continue with interface2",
		"msgstr": "Si vous possédez une clef d'accès Mapbox, GraphHopper, OpenRouteService, Thunderforest ou Lantmateriet ouvrez la boite de dialogue d'édition des clefs d'accès (bouton 🔑 en haut de l'interface) pour entrer votre clef d'accès."
	},
	{
		"msgid": "IconSelectorChangeEL - an error occurs when creating the SVG icon",
		"msgstr": "Une erreur s'est produite lors de la création de l'icône SVG"
	},
	{
		"msgid": "IconSelectorChangeEL - not possible to create a SVG icon for a travel note",
		"msgstr": "Il n'est pas possible de créer une icône SVG pour une note de voyage."
	},
	{
		"msgid": "MapContextMenu - Add a route",
		"msgstr": "Ajouter un trajet"
	},
	{
		"msgid": "MapContextMenu - Disable full screen",
		"msgstr": "Désactiver le mode plein écran"
	},
	{
		"msgid": "MapContextMenu - Enable full screen",
		"msgstr": "Activer le mode plein écran"
	},
	{
		"msgid": "MapContextMenu - Hide all notes",
		"msgstr": "Masquer toutes les notes"
	},
	{
		"msgid": "MapContextMenu - Hide all routes",
		"msgstr": "Masquer tous les trajets"
	},
	{
		"msgid": "MapContextMenu - New travel note",
		"msgstr": "Ajouter une note de voyage"
	},
	{
		"msgid": "MapContextMenu - Select this point as end point",
		"msgstr": "Sélectionner cet endroit comme point d'arrivée"
	},
	{
		"msgid": "MapContextMenu - Select this point as start point",
		"msgstr": "Sélectionner cet endroit comme point de départ"
	},
	{
		"msgid": "MapContextMenu - Select this point as start and end point",
		"msgstr": "Sélectionner cet endroit comme point de départ et d'arrivée"
	},	
	{
		"msgid": "MapContextMenu - Select this point as way point",
		"msgstr": "Sélectionner cet endroit comme point intermédiaire"
	},
	{
		"msgid": "MapContextMenu - Show all notes",
		"msgstr": "Afficher toutes les notes"
	},
	{
		"msgid": "MapContextMenu - Show all routes",
		"msgstr": "Afficher tous les trajets"
	},
	{
		"msgid": "MapContextMenu - Zoom to travel",
		"msgstr": "Zoom sur le voyage"
	},
	{
		"msgid": "MapEditorViewer -Copied to clipboard",
		"msgstr": "Copié dans le presse-papier"
	},
	{
		"msgid": "MapLayersToolbar - Layers",
		"msgstr": "Cartes"
	},
	{
		"msgid": "NoteContextMenu - Attach note to route",
		"msgstr": "Transformer en note de trajet"
	},
	{
		"msgid": "NoteContextMenu - Delete this note",
		"msgstr": "Supprimer cette note"
	},
	{
		"msgid": "NoteContextMenu - Detach note from route",
		"msgstr": "Transformer en note de voyage"
	},
	{
		"msgid": "NoteContextMenu - Edit this note",
		"msgstr": "Éditer cette note"
	},
	{
		"msgid": "NoteContextMenu - Zoom to note",
		"msgstr": "Zoom sur cette note"
	},
	{
		"msgid": "NoteDialog - invalidUrl",
		"msgstr": "Lien non valide"
	},
	{
		"msgid": "NoteDialog - Note",
		"msgstr": "Note"
	},
	{
		"msgid": "Notedialog - The icon content cannot be empty",
		"msgstr": "Le contenu de l'icône doit être complété."
	},
	{
		"msgid": "NoteDialogGeoCoderHelper - an error occurs when searching the adress",
		"msgstr": "Une erreur est survenue en recherchant l'adresse"
	},
	{
		"msgid": "NoteDialogIconControl - Icon content",
		"msgstr": "Contenu de l'icône : "
	},
	{
		"msgid": "NoteDialogIconDimsControl - Icon height",
		"msgstr": "Hauteur de l'icône : "
	},
	{
		"msgid": "NoteDialogIconDimsControl - Icon width",
		"msgstr": "Largeur de l'icône : "
	},
	{
		"msgid": "NoteDialogLinkControl - Link",
		"msgstr": "Lien : "
	},
	{
		"msgid": "NoteDialogPhoneControl - Phone",
		"msgstr": "Téléphone : "
	},
	{
		"msgid": "NoteDialogPopupControl - Text",
		"msgstr": "Texte : "
	},
	{
		"msgid": "NoteDialogToolbar - Open a configuration file",
		"msgstr": "Ouvrir un fichier de configuration"
	},
	{
		"msgid": "NoteDialogToolbar - show hidden contents",
		"msgstr": "Afficher ou masquer une partie du dialogue"
	},
	{
		"msgid": "NoteDialogTooltipControl - Tooltip content",
		"msgstr": "Contenu du tooltip : "
	},
	{
		"msgid": "NoteEditor - No route was found",
		"msgstr": "Aucun trajet n'a été trouvé."
	},
	{
		"msgid": "NoteHTMLViewsFactory - Address",
		"msgstr": "Adresse"
	},
	{
		"msgid": "NoteHTMLViewsFactory - call",
		"msgstr": "Appeler le "
	},
	{
		"msgid": "NoteHTMLViewsFactory - Distance from start of route",
		"msgstr": "Distance depuis le début du trajet"
	},
	{
		"msgid": "NoteHTMLViewsFactory - Distance from start of travel",
		"msgstr": "Distance depuis le début du voyage"
	},
	{
		"msgid": "NoteHTMLViewsFactory - Link",
		"msgstr": "Lien : "
	},
	{
		"msgid": "NoteHTMLViewsFactory - Next note after",
		"msgstr": "Note suivante dans"
	},
	{
		"msgid": "NoteHTMLViewsFactory - Phone",
		"msgstr": "☎️"
	},
	{
		"msgid": "NoteHTMLViewsFactory - Send a sms to",
		"msgstr": " ou envoyer un sms au "
	},
	{
		"msgid": "OsmSearchContextMenu - Create a route note with this result",
		"msgstr": "Ajouter une note de trajet avec ce résultat"
	},
	{
		"msgid": "OsmSearchContextMenu - Create a travel note with this result",
		"msgstr": "Ajouter une note de voyage avec ce résultat"
	},
	{
		"msgid": "OsmSearchContextMenu - Hide note dialog",
		"msgstr": "Ne pas afficher le dialogue des notes"
	},
	{
		"msgid": "OsmSearchContextMenu - Select this point as end point",
		"msgstr": "Sélectionner cet endroit comme point d'arrivée"
	},
	{
		"msgid": "OsmSearchContextMenu - Select this point as start point",
		"msgstr": "Sélectionner cet endroit comme point de départ"
	},
	{
		"msgid": "OsmSearchContextMenu - Select this point as way point",
		"msgstr": "Sélectionner cet endroit comme point intermédiaire"
	},
	{
		"msgid": "OsmSearchContextMenu - Show note dialog",
		"msgstr": "Afficher le dialogue des notes"
	},
	{
		"msgid": "OsmSearchContextMenu - Zoom to this result",
		"msgstr": "Zoom sur ce résultat"
	},
	{
		"msgid": "OsmSearchDialog - Searching OpenStreetMap",
		"msgstr": "Recherche OpenStreetMap"
	},
	{
		"msgid": "OsmSearchEngine - incomplete results",
		"msgstr": "Des erreurs se sont produites. Les résultats sont incomplets"
	},
	{
		"msgid": "OsmSearchToolbarButtons - Clear the tree",
		"msgstr": "Désélectionner tout"
	},
	{
		"msgid": "OsmSearchToolbarButtons - Collapse the tree",
		"msgstr": "Réduire l'arborescence au premier niveau"
	},
	{
		"msgid": "OsmSearchToolbarButtons - Expand the tree",
		"msgstr": "Étendre l'arborescence"
	},
	{
		"msgid": "OsmSearchToolbarButtons - Start the search",
		"msgstr": "Lancer la recherche"
	},
	{
		"msgid": "PasswordDialog - password",
		"msgstr": "Mot de passe"
	},
	{
		"msgid": "PasswordDialog - Password rules1",
		"msgstr": "Règles des mots de passe : "
	},
	{
		"msgid": "PasswordDialog - Password rules2",
		"msgstr": "Au moins 12 caractères"
	},
	{
		"msgid": "PasswordDialog - Password rules3",
		"msgstr": "Au moins une majuscule"
	},
	{
		"msgid": "PasswordDialog - Password rules4",
		"msgstr": "Au moins une minuscule"
	},
	{
		"msgid": "PasswordDialog - Password rules5",
		"msgstr": "Au moins un chiffre"
	},
	{
		"msgid": "PasswordDialog - Password rules6",
		"msgstr": "Au moins un caractère spécial"
	},
	{
		"msgid": "PrintPageBuilder - Cancel print",
		"msgstr": "Annuler l'impression"
	},
	{
		"msgid": "PrintPageBuilder - Print",
		"msgstr": "Imprimer"
	},
	{
		"msgid": "PrintRouteMapDialog - Another browser",
		"msgstr": "un autre navigateur"
	},
	{
		"msgid": "PrintRouteMapDialog - Border width",
		"msgstr": "Dimension de la marge:"
	},
	{
		"msgid": "PrintRouteMapDialog - Border width units",
		"msgstr": "mm."
	},
	{
		"msgid": "PrintRouteMapDialog - Paper height",
		"msgstr": "Hauteur du papier:"
	},
	{
		"msgid": "PrintRouteMapDialog - Paper height units",
		"msgstr": "mm."
	},
	{
		"msgid": "PrintRouteMapDialog - Paper width",
		"msgstr": "Largeur du papier:"
	},
	{
		"msgid": "PrintRouteMapDialog - Paper width units",
		"msgstr": "mm."
	},
	{
		"msgid": "PrintRouteMapDialog - Print",
		"msgstr": "Imprimer les cartes d'un trajet"
	},
	{
		"msgid": "PrintRouteMapDialog - Print notes",
		"msgstr": "Imprimer les notes du trajet"
	},
	{
		"msgid": "PrintRouteMapDialog - Print with",
		"msgstr": "J'utilise"
	},
	{
		"msgid": "PrintRouteMapDialog - Zoom factor",
		"msgstr": "Zoom:"
	},
	{
		"msgid": "ProfileContextMenu - Add a note to the route at this point",
		"msgstr": "Ajouter une note au trajet à cet endroit"
	},
	{
		"msgid": "ProfileContextMenu - Zoom to this point",
		"msgstr": "Zoomer sur cet endroit"
	},
	{
		"msgid": "ProfileWindow - Ascent: {ascent} m. - Descent: {descent} m. - Distance: {distance}",
		"msgstr": "Montée : {ascent} m. - Descente : {descent} m. - Distance : {distance}"
	},
	{
		"msgid": "ProfileWindow - Route {name}",
		"msgstr": "Trajet : {name}"
	},
	{
		"msgid": "ProfileWindow - Profile",
		"msgstr": "Profil"
	},
	{
		"msgid": "ProvidersToolbar - Computed by {provider} for {transitMode}",
		"msgstr": "Itinéraire calculé par {provider} pour {transitMode}"
	},
	{
		"msgid": "ProvidersToolbar - TransitMode bike",
		"msgstr": "un vélo"
	},
	{
		"msgid": "ProvidersToolbar - TransitMode car",
		"msgstr": "une voiture"
	},
	{
		"msgid": "ProvidersToolbar - TransitMode circle",
		"msgstr": "un cercle"
	},
	{
		"msgid": "ProvidersToolbar - TransitMode line",
		"msgstr": "une ligne"
	},
	{
		"msgid": "ProvidersToolbar - TransitMode pedestrian",
		"msgstr": "un piéton"
	},
	{
		"msgid": "ProvidersToolbar - TransitMode train",
		"msgstr": "un train"
	},
	{
		"msgid": "RoadbookLoader - show maneuver",
		"msgstr": "Itinéraire"
	},
	{
		"msgid": "RoadbookLoader - show routes notes",
		"msgstr": "Notes de l'itinéraire"
	},
	{
		"msgid": "RoadbookLoader - show small routes notes",
		"msgstr": "Petites notes"
	},
	{
		"msgid": "RoadbookLoader - show travel notes",
		"msgstr": "Notes du voyage"
	},
	{
		"msgid": "RouteContextMenu - Add a note on the route",
		"msgstr": "Ajouter une note à ce trajet"
	},
	{
		"msgid": "RouteContextMenu - Cancel modifications on this route",
		"msgstr": "Abandonner les modifications de ce trajet"
	},
	{
		"msgid": "RouteContextMenu - Create a note for each route maneuver",
		"msgstr": "Ajouter une note pour chaque manœuvre du trajet"
	},
	{
		"msgid": "RouteContextMenu - Delete this route",
		"msgstr": "Supprimer ce trajet"
	},
	{
		"msgid": "RouteContextMenu - Edit this route",
		"msgstr": "Éditer ce trajet"
	},
	{
		"msgid": "RouteContextMenu - Hide this route",
		"msgstr": "Masquer ce trajet"
	},
	{
		"msgid": "RouteContextMenu - Invert waypoints",
		"msgstr": "Inverser les points de passage de ce trajet"
	},
	{
		"msgid": "RouteContextMenu - Print route map",
		"msgstr": "Imprimer les cartes de ce trajet"
	},
	{
		"msgid": "RouteContextMenu - Properties",
		"msgstr": "Modifier les propriétés de ce trajet"
	},
	{
		"msgid": "RouteContextMenu - Save modifications on this route",
		"msgstr": "Sauver les modifications de ce trajet"
	},
	{
		"msgid": "RouteContextMenu - Save this route in a GPX file",
		"msgstr": "Exporter ce trajet dans un fichier GPX"
	},
	{
		"msgid": "RouteContextMenu - Show this route",
		"msgstr": "Afficher ce trajet"
	},
	{
		"msgid": "RouteContextMenu - View the elevation",
		"msgstr": "Voir le profil du trajet"
	},
	{
		"msgid": "RouteContextMenu - Zoom to route",
		"msgstr": "Zoom sur le trajet"
	},
	{
		"msgid": "RouteEditor - Not possible to edit a route created with this provider",
		"msgstr": "Il n'est pas possible d'éditer un trajet créé avec ce fournisseur ({provider})."
	},
	{
		"msgid": "RouteHTMLViewsFactory - Ascent",
		"msgstr": "Montée"
	},
	{
		"msgid": "RouteHTMLViewsFactory - Descent",
		"msgstr": "Descente"
	},
	{
		"msgid": "RouteHTMLViewsFactory - Distance from start of route",
		"msgstr": "Distance depuis le début du trajet"
	},
	{
		"msgid": "RouteHTMLViewsFactory - Distance from start of travel",
		"msgstr": "Distance depuis le début du voyage"
	},
	{
		"msgid": "RouteHTMLViewsFactory - Duration",
		"msgstr": "Temps"
	},
	{
		"msgid": "RouteHTMLViewsFactory - Itinerary computed by {provider} and optimized for {transitMode}",
		"msgstr": "Cet itinéraire à été calculé par {provider} et optimisé pour {transitMode}"
	},
	{
		"msgid": "RouteHTMLViewsFactory - kArriveDefault",
		"msgstr": "Arrivée"
	},
	{
		"msgid": "RouteHTMLViewsFactory - kArriveLeft",
		"msgstr": "Arrivée à gauche"
	},
	{
		"msgid": "RouteHTMLViewsFactory - kArriveRight",
		"msgstr": "Arrivée à droite"
	},
	{
		"msgid": "RouteHTMLViewsFactory - kContinueLeft",
		"msgstr": "Continuer - la route tourne à gauche"
	},
	{
		"msgid": "RouteHTMLViewsFactory - kContinueRight",
		"msgstr": "Continuer - la route tourne à droite"
	},
	{
		"msgid": "RouteHTMLViewsFactory - kContinueSharpLeft",
		"msgstr": "Continuer - la route tourne fortement à gauche"
	},
	{
		"msgid": "RouteHTMLViewsFactory - kContinueSharpRight",
		"msgstr": "Continuer - la route tourne fortement à droite"
	},
	{
		"msgid": "RouteHTMLViewsFactory - kContinueSlightLeft",
		"msgstr": "Continuer - la route tourne légèrement à gauche"
	},
	{
		"msgid": "RouteHTMLViewsFactory - kContinueSlightRight",
		"msgstr": "Continuer - la route tourne légèrement à droite"
	},
	{
		"msgid": "RouteHTMLViewsFactory - kContinueStraight",
		"msgstr": "Continuer"
	},
	{
		"msgid": "RouteHTMLViewsFactory - kDepartDefault",
		"msgstr": "Départ"
	},
	{
		"msgid": "RouteHTMLViewsFactory - kDepartLeft",
		"msgstr": "Départ à gauche"
	},
	{
		"msgid": "RouteHTMLViewsFactory - kDepartRight",
		"msgstr": "Départ à droite"
	},
	{
		"msgid": "RouteHTMLViewsFactory - kEndOfRoadLeft",
		"msgstr": "Tourner à gauche à la fin de la route"
	},
	{
		"msgid": "RouteHTMLViewsFactory - kEndOfRoadRight",
		"msgstr": "Tourner à droite à la fin de la route"
	},
	{
		"msgid": "RouteHTMLViewsFactory - kFerryEnter",
		"msgstr": "Monter dans le ferry"
	},
	{
		"msgid": "RouteHTMLViewsFactory - kFerryExit",
		"msgstr": "Sortir du ferry"
	},
	{
		"msgid": "RouteHTMLViewsFactory - kForkLeft",
		"msgstr": "Tourner à gauche à la fourche"
	},
	{
		"msgid": "RouteHTMLViewsFactory - kForkRight",
		"msgstr": "Tourner à droite à la fourche"
	},
	{
		"msgid": "RouteHTMLViewsFactory - kMergeDefault",
		"msgstr": "Rejoindre l'autre route"
	},
	{
		"msgid": "RouteHTMLViewsFactory - kMergeLeft",
		"msgstr": "Rejoindre la route à gauche"
	},
	{
		"msgid": "RouteHTMLViewsFactory - kMergeRight",
		"msgstr": "Rejoindre la route à droite"
	},
	{
		"msgid": "RouteHTMLViewsFactory - kNewNameLeft",
		"msgstr": "La route change de nom et tourne à gauche"
	},
	{
		"msgid": "RouteHTMLViewsFactory - kNewNameRight",
		"msgstr": "La route change de nom et tourne à droite"
	},
	{
		"msgid": "RouteHTMLViewsFactory - kNewNameSharpLeft",
		"msgstr": "La route change de nom et tourne fortement à gauche"
	},
	{
		"msgid": "RouteHTMLViewsFactory - kNewNameSharpRight",
		"msgstr": "La route change de nom et tourne fortement à droite"
	},
	{
		"msgid": "RouteHTMLViewsFactory - kNewNameSlightLeft",
		"msgstr": "La route change de nom et tourne légèrement à gauche"
	},
	{
		"msgid": "RouteHTMLViewsFactory - kNewNameSlightRight",
		"msgstr": "La route change de nom et tourne légèrement à droite"
	},
	{
		"msgid": "RouteHTMLViewsFactory - kNewNameStraight",
		"msgstr": "La route change de nom et continue"
	},
	{
		"msgid": "RouteHTMLViewsFactory - kOffRampLeft",
		"msgstr": "Sortir par la rampe à gauche"
	},
	{
		"msgid": "RouteHTMLViewsFactory - kOffRampRight",
		"msgstr": "Sortir par la rampe à droite"
	},
	{
		"msgid": "RouteHTMLViewsFactory - kOnRampLeft",
		"msgstr": "Quitter la rampe en serrant à gauche"
	},
	{
		"msgid": "RouteHTMLViewsFactory - kOnRampRight",
		"msgstr": "Quitter la rampe en serrant à droite"
	},
	{
		"msgid": "RouteHTMLViewsFactory - kRotaryLeft",
		"msgstr": "Entrer dans le rond-point dans le sens horaire"
	},
	{
		"msgid": "RouteHTMLViewsFactory - kRotaryRight",
		"msgstr": "Entrer dans le rond-point dans le sens anti-horaire"
	},
	{
		"msgid": "RouteHTMLViewsFactory - kRoundaboutExit",
		"msgstr": "Sortir du rond-point"
	},
	{
		"msgid": "RouteHTMLViewsFactory - kRoundaboutLeft",
		"msgstr": "Entrer dans le rond-point dans le sens horaire"
	},
	{
		"msgid": "RouteHTMLViewsFactory - kRoundaboutRight",
		"msgstr": "Entrer dans le rond-point dans le sens anti-horaire"
	},
	{
		"msgid": "RouteHTMLViewsFactory - kRoundaboutTurnLeft",
		"msgstr": "Tourner à gauche au mini rond-point"
	},
	{
		"msgid": "RouteHTMLViewsFactory - kRoundaboutTurnRight",
		"msgstr": "Tourner à droite au mini rond-point"
	},
	{
		"msgid": "RouteHTMLViewsFactory - kRoundaboutTurnSharpLeft",
		"msgstr": "Tourner fortement à gauche au mini rond-point"
	},
	{
		"msgid": "RouteHTMLViewsFactory - kRoundaboutTurnSharpRight",
		"msgstr": "Tourner fortement à droite au mini rond-point"
	},
	{
		"msgid": "RouteHTMLViewsFactory - kRoundaboutTurnSlightLeft",
		"msgstr": "Tourner légèrement à gauche au mini rond-point"
	},
	{
		"msgid": "RouteHTMLViewsFactory - kRoundaboutTurnSlightRight",
		"msgstr": "Tourner légèrement à droite au mini rond-point"
	},
	{
		"msgid": "RouteHTMLViewsFactory - kRoundaboutTurnStraight",
		"msgstr": "Continuer au mini rond-point"
	},
	{
		"msgid": "RouteHTMLViewsFactory - kStayLeft",
		"msgstr": "Serrer à gauche"
	},
	{
		"msgid": "RouteHTMLViewsFactory - kStayRight",
		"msgstr": "Serrer à droite"
	},
	{
		"msgid": "RouteHTMLViewsFactory - kStayStraight",
		"msgstr": "Rester au milieu"
	},
	{
		"msgid": "RouteHTMLViewsFactory - kTurnLeft",
		"msgstr": "Tourner à gauche"
	},
	{
		"msgid": "RouteHTMLViewsFactory - kTurnRight",
		"msgstr": "Tourner à droite"
	},
	{
		"msgid": "RouteHTMLViewsFactory - kTurnSharpLeft",
		"msgstr": "Tourner fortement à gauche"
	},
	{
		"msgid": "RouteHTMLViewsFactory - kTurnSharpRight",
		"msgstr": "Tourner fortement à droite"
	},
	{
		"msgid": "RouteHTMLViewsFactory - kTurnSlightLeft",
		"msgstr": "Tourner légèrement à gauche"
	},
	{
		"msgid": "RouteHTMLViewsFactory - kTurnSlightRight",
		"msgstr": "Tourner légèrement à droite"
	},
	{
		"msgid": "RouteHTMLViewsFactory - kTurnStraight",
		"msgstr": "Continuer"
	},
	{
		"msgid": "RouteHTMLViewsFactory - kTurnUturn",
		"msgstr": "Faites demi-tour"
	},
	{
		"msgid": "RouteHTMLViewsFactory - kUndefined",
		"msgstr": "???"
	},
	{
		"msgid": "RouteHTMLViewsFactory - kUturnLeft",
		"msgstr": "Faites demi-tour par la gauche"
	},
	{
		"msgid": "RouteHTMLViewsFactory - kUturnRight",
		"msgstr": "Faites demi-tour par la droite"
	},
	{
		"msgid": "RouteHTMLViewsFactory - kTrainStart",
		"msgstr": "Prendre le train"
	},
	{
		"msgid": "RouteHTMLViewsFactory - kTrainContinue",
		"msgstr": "Rester sur le train"
	},
	{
		"msgid": "RouteHTMLViewsFactory - kTrainEnd",
		"msgstr": "Descendre du train"
	},
	{
		"msgid": "RouteHTMLViewsFactory - Next maneuver after",
		"msgstr": "Manœuvre suivante dans"
	},
	{
		"msgid": "RouteHTMLViewsFactory - Profile",
		"msgstr": "Profil"
	},
	{
		"msgid": "RouteHTMLViewsFactory - Route distance",
		"msgstr": "Longueur du trajet"
	},
	{
		"msgid": "RouteHTMLViewsFactory - TransitMode bike",
		"msgstr": " un vélo"
	},
	{
		"msgid": "RouteHTMLViewsFactory - TransitMode car",
		"msgstr": " une voiture"
	},
	{
		"msgid": "RouteHTMLViewsFactory - TransitMode circle",
		"msgstr": " un cercle"
	},
	{
		"msgid": "RouteHTMLViewsFactory - TransitMode line",
		"msgstr": " une ligne"
	},
	{
		"msgid": "RouteHTMLViewsFactory - TransitMode pedestrian",
		"msgstr": " un piéton"
	},
	{
		"msgid": "RouteHTMLViewsFactory - TransitMode train",
		"msgstr": " un train"
	},
	{
		"msgid": "RoutePrinter - The maximum of allowed pages is reached.",
		"msgstr": "Le maximum de pages autorisé est atteint."
	},
	{
		"msgid": "RoutePropertiesDialog - Chained route",
		"msgstr": "Trajet chaîné : "
	},
	{
		"msgid": "RoutePropertiesDialog - Color",
		"msgstr": "Couleur : "
	},
	{
		"msgid": "RoutePropertiesDialog - Linetype",
		"msgstr": "Type de ligne : "
	},
	{
		"msgid": "RoutePropertiesDialog - Name",
		"msgstr": "Nom du trajet : "
	},
	{
		"msgid": "RoutePropertiesDialog - Route properties",
		"msgstr": "Propriétés du trajet"
	},
	{
		"msgid": "RoutePropertiesDialog - Width",
		"msgstr": "Largeur : "
	},
	{
		"msgid": "SaveAsDialog - Remove Maneuvers",
		"msgstr": "Supprimer les manœuvres"
	},
	{
		"msgid": "SaveAsDialog - Remove Routes Notes",
		"msgstr": "Supprimer les notes de trajets"
	},
	{
		"msgid": "SaveAsDialog - Remove Travel Notes",
		"msgstr": "Supprimer les notes de voyage"
	},
	{
		"msgid": "SaveAsDialog - SaveAs",
		"msgstr": "Sélectionnez :"
	},
	{
		"msgid": "StreetFinder - at the small roundabout on the ground",
		"msgstr": " au petit rond-point au sol"
	},
	{
		"msgid": "StreetFinder - continue roundabout",
		"msgstr": " et continuer dans le rond-point"
	},
	{
		"msgid": "StreetFinder - entry roundabout",
		"msgstr": " pour entrer dans le rond-point"
	},
	{
		"msgid": "StreetFinder - exit roundabout",
		"msgstr": " pour sortir du rond-point"
	},
	{
		"msgid": "StreetFinder - rcnRef",
		"msgstr": " (point-nœud  {rcnRef})"
	},
	{
		"msgid": "TravelEditor - Gives a name to the travel",
		"msgstr": "Donnez d'abord un nom à ce voyage."
	},
	{
		"msgid": "TravelEditor - Not possible to partial save when a route is edited.",
		"msgstr": "Il n'est pas possible de faire une sauvegarde partielle quand un trajet est en cours d'édition"
	},
	{
		"msgid": "TravelEditor - This page ask to close; data are perhaps not saved.",
		"msgstr": "Cette page demande de confirmer sa fermeture ; des données saisies pourraient ne pas être enregistrées."
	},
	{
		"msgid": "TravelHTMLViewsFactory - OpenStreetMap contributors",
		"msgstr": "les contributeurs de OpenStreetMap"
	},
	{
		"msgid": "travelHTMLViewsFactory - Travel ascent",
		"msgstr": "Montées du voyage"
	},
	{
		"msgid": "TravelHTMLViewsFactory - Travel descent",
		"msgstr": "Descentes du voyage"
	},
	{
		"msgid": "TravelHTMLViewsFactory - Travel distance",
		"msgstr": "Longueur du voyage"
	},
	{
		"msgid": "TravelHTMLViewsFactory - Travel footer",
		"msgstr": "Réalisé avec "
	},
	{
		"msgid": "TravelNotesDialog - Travel notes dialog",
		"msgstr": "Notes de voyage"
	},
	{
		"msgid": "TravelNotesToolbar - disable fullscreen",
		"msgstr": "Désactiver le mode plein écran"
	},
	{
		"msgid": "TravelNotesToolbar - enable fullscreen",
		"msgstr": "Activer le mode plein écran"
	},
	{
		"msgid": "TravelNotesToolbar - Increment the font size",
		"msgstr": "Augmenter la taille des caractères"
	},
	{
		"msgid": "TravelNotesToolbar - Decrement the font size",
		"msgstr": "Diminuer la taille des caractères"
	},
	{
		"msgid": "TravelNotesToolbar - About Travel & Notes",
		"msgstr": "À propos de Travel & Notes"
	},
	{
		"msgid": "TravelNotesToolbar - api keys",
		"msgstr": "Gestion des clés d'accès"
	},
	{
		"msgid": "TravelNotesToolbar - Start Geo location",
		"msgstr": "Démarer la localisation"
	},
	{
		"msgid": "TravelNotesToolbar - Stop Geo location",
		"msgstr": "Arrêter la localisation"
	},
	{
		"msgid": "TravelNotesToolbar - Cancel travel",
		"msgstr": "Abandonner ce voyage"
	},
	{
		"msgid": "TravelNotesToolbar - Import travel",
		"msgstr": "Importer des trajets et des notes depuis un autre fichier \nde voyage ( {openTaN} ) ou depuis un fichier gpx ( {openGpx} )"
	},
	{
		"msgid": "TravelNotesToolbar - Not possible to merge a travel when a route is edited",
		"msgstr": "Il n'est pas possible de fusionner un voyage quand un trajet est en cours d'édition"
	},
	{
		"msgid": "TravelNotesToolbar - Open travel",
		"msgstr": "Ouvrir un fichier de voyage ( {openTaN} ) ou un fichier gpx ( {openGpx} )"
	},
	{
		"msgid": "TravelNotesToolbar - Open travel roadbook",
		"msgstr": "Ouvrir le livre de voyage"
	},
	{
		"msgid": "Search with OpenStreetMap",
		"msgstr": "Rechercher avec OpenStreetMap"
	},
	{
		"msgid": "TravelNotesToolbar - Save as travel",
		"msgstr": "☢️ Sauvegarde partielle dans un fichier .{extension} ☢️"
	},
	{
		"msgid": "TravelNotesToolbar - Save travel",
		"msgstr": "Sauver dans un fichier .{extension}"
	},
	{
		"msgid": "TravelNotesToolbar - This page ask to close; data are perhaps not saved.",
		"msgstr": "Cette page demande de confirmer sa fermeture ; des données saisies pourraient ne pas être enregistrées."
	},
	{
		"msgid": "TravelNotesToolbar - Travel notes",
		"msgstr": "Notes de voyage"
	},
	{
		"msgid": "TravelNotesToolbar - Travel properties",
		"msgstr": "Propriétés du voyage"
	},
	{
		"msgid": "TravelPropertiesDialog - Name",
		"msgstr": "Nom du voyage"
	},
	{
		"msgid": "TravelPropertiesDialog - Routes",
		"msgstr": "Trajets du voyage"
	},
	{
		"msgid": "TravelPropertiesDialog - Travel properties",
		"msgstr": "Propriétés du voyage"
	},
	{
		"msgid": "UrlInputBlurEL - invalidUrl",
		"msgstr": "Lien non valide"
	},
	{
		"msgid": "Utilities - Day",
		"msgstr": "jours"
	},
	{
		"msgid": "Utilities - Hour",
		"msgstr": "h"
	},
	{
		"msgid": "Utilities - Minute",
		"msgstr": "min"
	},
	{
		"msgid": "Utilities - Second",
		"msgstr": "sec"
	},
	{
		"msgid": "WayPointContextMenu - Delete this waypoint",
		"msgstr": "Supprimer ce point de passage"
	},
	{
		"msgid": "WayPointContextMenu - Modify properties",
		"msgstr": "Modifier les propriétés de ce point de passage"
	},
	{
		"msgid": "WayPointPropertiesDialog - Name",
		"msgstr": "Nom : "
	},
	{
		"msgid": "WayPointPropertiesDialog - Waypoint properties",
		"msgstr": "Propriétés du point de passage"
	}
]