[
	{
		"msgid": "AboutDialog - About Travel & Notes",
		"msgstr": "About Travel & Notes"
	},
	{
		"msgid": "AddressControl - Address",
		"msgstr": "Address :"
	},
	{
		"msgid": "AddressControl - Reset address",
		"msgstr": "Update the address with Nominatim"
	},
	{
		"msgid": "AllManeuverNotesBuilder - Add a note for each maneuver",
		"msgstr": "Add a note for each maneuver"
	},
	{
		"msgid": "AllManeuverNotesBuilder - Add a note for each maneuver. Are you sure?",
		"msgstr": "You'll add {noteLength} notes. This will consume a lot of resources on the OpenStreetMap server and take time. Are you sure you want to continue?"
	},
	{
		"msgid": "AllManeuverNotesBuilder - Creating note",
		"msgstr": "Creating note {noteNumber} of {notesLength}"
	},
	{
		"msgid": "AllManeuverNotesBuilder - max maneuvers notes reached {maneuversLength}{maxManeuversNotes}",
		"msgstr": "You want to create {maneuversLength} notes. For performance reasons, the number of notes is limited to {maxManeuversNotes} for the demo. Change your route."
	},
	{
		"msgid": "ApiKeysDialog - empty api key name or value",
		"msgstr": "empty api key name or value"
	},
	{
		"msgid": "ApiKeyControlRow - api key",
		"msgstr": "api key"
	},
	{
		"msgid": "ApiKeyControlRow - delete api key",
		"msgstr": "delete api key"
	},
	{
		"msgid": "ApiKeyControlRow - provider name",
		"msgstr": "Provider name"
	},
	{
		"msgid": "ApiKeysDialog - api keys",
		"msgstr": "api keys"
	},
	{
		"msgid": "ApiKeysDialogToolbar - new api key",
		"msgstr": "new api key"
	},
	{
		"msgid": "ApiKeysDialogToolbar - Open file",
		"msgstr": "Open a file with password"
	},
	{
		"msgid": "ApiKeysDialogToolbar - Open json file",
		"msgstr": "Open a file without password"
	},
	{
		"msgid": "ApiKeysDialogToolbar - Reload from server",
		"msgstr": "Reload the api keys from web server"
	},
	{
		"msgid": "ApiKeysDialogToolbar - Save to file",
		"msgstr": "Save to file with password"
	},
	{
		"msgid": "ApiKeysDialogToolbar - Save to json file",
		"msgstr": "Save to file WITHOUT password"
	},
	{
		"msgid": "ApiKeysManager - An error occurs when reading the ApiKeys file",
		"msgstr": "An error occurs when reading the api keys"
	},
	{
		"msgid": "ArrowAndTooltipFinder - Continue",
		"msgstr": "Continue"
	},
	{
		"msgid": "ArrowAndTooltipFinder - Start",
		"msgstr": "Start"
	},
	{
		"msgid": "ArrowAndTooltipFinder - Stop",
		"msgstr": "End"
	},
	{
		"msgid": "ArrowAndTooltipFinder - Turn left",
		"msgstr": "Turn left"
	},
	{
		"msgid": "ArrowAndTooltipFinder - Turn right",
		"msgstr": "Turn right"
	},
	{
		"msgid": "ArrowAndTooltipFinder - Turn sharp left",
		"msgstr": "Turn sharp left"
	},
	{
		"msgid": "ArrowAndTooltipFinder - Turn sharp right",
		"msgstr": "Turn sharp right"
	},
	{
		"msgid": "ArrowAndTooltipFinder - Turn slight left",
		"msgstr": "Turn slight left"
	},
	{
		"msgid": "ArrowAndTooltipFinder - Turn slight right",
		"msgstr": "Turn slight right"
	},
	{
		"msgid": "BaseContextMenu - Close",
		"msgstr": "Close"
	},
	{
		"msgid": "BaseDialog - Cancel",
		"msgstr": "Cancel"
	},
	{
		"msgid": "ColorControl - Blue",
		"msgstr": "Blue"
	},
	{
		"msgid": "ColorControl - Green",
		"msgstr": "Green"
	},
	{
		"msgid": "ColorControl - Red",
		"msgstr": "Red"
	},
	{
		"msgid": "DataEncryptorHandlers - An error occurs when reading the file",
		"msgstr": "An error occurs when reading the file"
	},
	{
		"msgid": "DataEncryptorHandlers - An error occurs when saving the keys",
		"msgstr": "An error occurs when saving the api keys"
	},
	{
		"msgid": "EditedRouteMouseOverEL - Drag and drop to add a waypoint",
		"msgstr": "Drag and drop to add a waypoint or right click for the menu"
	},
	{
		"msgid": "ErrorUI - Dont show again",
		"msgstr": "Don't show help again"
	},
	{
		"msgid": "FileLoader - Not possible to select as provider",
		"msgstr": "Not possible to select {provider}"
	},
	{
		"msgid": "FullScreenUI - start full screen",
		"msgstr": "Click here to activate the full screen mode"
	},
	{
		"msgid": "GeoLocator - Geolocation disabled on the device",
		"msgstr": "The geolocation is disabled on the device"
	},	
	{
		"msgid": "GpxParser - Go to network node",
		"msgstr": " - go to node "
	},
	{
		"msgid": "GpxParser - Network node",
		"msgstr": "Network node "
	},
	{
		"msgid": "Help - Complete the ApiKeys1",
		"msgstr": "Use the + button to add a provider"
	},
	{
		"msgid": "Help - Complete the ApiKeys2",
		"msgstr": "Enter the name of the service provider on the left. This must be 'Mapbox', 'GraphHopper', 'OpenRouteservice' or 'MapzenValhalla' for a route provider or 'Mapbox', Thunderforest' or 'Lantmateriet' for a map provider."
	},
	{
		"msgid": "Help - Complete the ApiKeys3",
		"msgstr": "Complete on the right with your access key"
	},
	{
		"msgid": "Help - Continue with interface1",
		"msgstr": "Move your mouse over the black rectangle \"Travel & Notes\" in the upper right corner to display the interface."
	},
	{
		"msgid": "Help - Continue with interface2",
		"msgstr": "If you have a Mapbox, GraphHopper, OpenRouteService, Thunderforest or Lantmateriet access key, open the dialog for editing access keys (🔑 button on top of interface) to enter your access key."
	},
	{
		"msgid": "IconSelectorChangeEL - an error occurs when creating the SVG icon",
		"msgstr": "An error occurs when creating the SVG icon"
	},
	{
		"msgid": "IconSelectorChangeEL - not possible to create a SVG icon for a travel note",
		"msgstr": "It's impossible to create a SVG icon for a travel note"
	},
	{
		"msgid": "MapContextMenu - Add a route",
		"msgstr": "Add a route"
	},
	{
		"msgid": "MapContextMenu - Disable full screen",
		"msgstr": "Disable full screen"
	},
	{
		"msgid": "MapContextMenu - Enable full screen",
		"msgstr": "Enable full screen"
	},
	{
		"msgid": "MapContextMenu - Hide all notes",
		"msgstr": "Hide all notes"
	},
	{
		"msgid": "MapContextMenu - Hide all routes",
		"msgstr": "Hide all routes"
	},
	{
		"msgid": "MapContextMenu - New travel note",
		"msgstr": "Add a travel note"
	},
	{
		"msgid": "MapContextMenu - Select this point as end point",
		"msgstr": "Select this point as end point"
	},
	{
		"msgid": "MapContextMenu - Select this point as start point",
		"msgstr": "Select this point as start point"
	},
	{
		"msgid": "MapContextMenu - Select this point as start and end point",
		"msgstr": "Select this point as start and end point"
	},	
	{
		"msgid": "MapContextMenu - Select this point as way point",
		"msgstr": "Select this point as waypoint"
	},
	{
		"msgid": "MapContextMenu - Show all notes",
		"msgstr": "Show all notes"
	},
	{
		"msgid": "MapContextMenu - Show all routes",
		"msgstr": "Show all routes"
	},
	{
		"msgid": "MapContextMenu - Zoom to travel",
		"msgstr": "Zoom to travel"
	},
	{
		"msgid": "MapEditorViewer -Copied to clipboard",
		"msgstr": "Copié dans le presse-papier"
	},
	{
		"msgid": "MapLayersToolbar - Layers",
		"msgstr": "Maps"
	},
	{
		"msgid": "NoteContextMenu - Attach note to route",
		"msgstr": "transform to route note"
	},
	{
		"msgid": "NoteContextMenu - Delete this note",
		"msgstr": "Delete this note"
	},
	{
		"msgid": "NoteContextMenu - Detach note from route",
		"msgstr": "Transform to travel note"
	},
	{
		"msgid": "NoteContextMenu - Edit this note",
		"msgstr": "Edit this note"
	},
	{
		"msgid": "NoteContextMenu - Zoom to note",
		"msgstr": "Zoom to note"
	},
	{
		"msgid": "NoteDialog - invalidUrl",
		"msgstr": "Invalid link"
	},
	{
		"msgid": "NoteDialog - Note",
		"msgstr": "Note"
	},
	{
		"msgid": "Notedialog - The icon content cannot be empty",
		"msgstr": "The icon content cannot be empty."
	},
	{
		"msgid": "NoteDialogGeoCoderHelper - an error occurs when searching the adress",
		"msgstr": "An error occurs when searching the adress"
	},
	{
		"msgid": "NoteDialogIconControl - Icon content",
		"msgstr": "Icon content : "
	},
	{
		"msgid": "NoteDialogIconDimsControl - Icon height",
		"msgstr": "Icon height : "
	},
	{
		"msgid": "NoteDialogIconDimsControl - Icon width",
		"msgstr": "Icon width : "
	},
	{
		"msgid": "NoteDialogLinkControl - Link",
		"msgstr": "Link : "
	},
	{
		"msgid": "NoteDialogPhoneControl - Phone",
		"msgstr": "Phone : "
	},
	{
		"msgid": "NoteDialogPopupControl - Text",
		"msgstr": "Text : "
	},
	{
		"msgid": "NoteDialogToolbar - Open a configuration file",
		"msgstr": "Open a configuration file"
	},
	{
		"msgid": "NoteDialogToolbar - show hidden contents",
		"msgstr": "Show or hide some parts of the dialog"
	},
	{
		"msgid": "NoteDialogTooltipControl - Tooltip content",
		"msgstr": "Tooltip content : "
	},
	{
		"msgid": "NoteEditor - No route was found",
		"msgstr": "No route was found."
	},
	{
		"msgid": "NoteHTMLViewsFactory - Address",
		"msgstr": "Address"
	},
	{
		"msgid": "NoteHTMLViewsFactory - call",
		"msgstr": "Call "
	},
	{
		"msgid": "NoteHTMLViewsFactory - Distance from start of route",
		"msgstr": "Distance from start of route"
	},
	{
		"msgid": "NoteHTMLViewsFactory - Distance from start of travel",
		"msgstr": "Distance from start of travel"
	},
	{
		"msgid": "NoteHTMLViewsFactory - Link",
		"msgstr": "Link : "
	},
	{
		"msgid": "NoteHTMLViewsFactory - Next note after",
		"msgstr": "Next note after"
	},
	{
		"msgid": "NoteHTMLViewsFactory - Phone",
		"msgstr": "☎️"
	},
	{
		"msgid": "NoteHTMLViewsFactory - Send a sms to",
		"msgstr": " or send a sms to "
	},
	{
		"msgid": "OsmSearchContextMenu - Create a route note with this result",
		"msgstr": "Add a route note with this result"
	},
	{
		"msgid": "OsmSearchContextMenu - Create a travel note with this result",
		"msgstr": "Add a travel note with this result"
	},
	{
		"msgid": "OsmSearchContextMenu - Hide note dialog",
		"msgstr": "Hide Notes Dialog"
	},
	{
		"msgid": "OsmSearchContextMenu - Select this point as end point",
		"msgstr": "Select this point as end point"
	},
	{
		"msgid": "OsmSearchContextMenu - Select this point as start point",
		"msgstr": "Select this point as start point"
	},
	{
		"msgid": "OsmSearchContextMenu - Select this point as way point",
		"msgstr": "Select this point as waypoint"
	},
	{
		"msgid": "OsmSearchContextMenu - Show note dialog",
		"msgstr": "Show Notes Dialog"
	},
	{
		"msgid": "OsmSearchContextMenu - Zoom to this result",
		"msgstr": "Zoom to this result"
	},
	{
		"msgid": "OsmSearchDialog - Searching OpenStreetMap",
		"msgstr": "Searching OpenStreetMap"
	},
	{
		"msgid": "OsmSearchEngine - incomplete results",
		"msgstr": "Errors have occurred. Results are incomplete"
	},
	{
		"msgid": "OsmSearchToolbarButtons - Clear the tree",
		"msgstr": "Clear the tree"
	},
	{
		"msgid": "OsmSearchToolbarButtons - Collapse the tree",
		"msgstr": "Collapse the tree"
	},
	{
		"msgid": "OsmSearchToolbarButtons - Expand the tree",
		"msgstr": "Expand the tree"
	},
	{
		"msgid": "OsmSearchToolbarButtons - Start the search",
		"msgstr": "Searching OpenStreetMap"
	},
	{
		"msgid": "PasswordDialog - password",
		"msgstr": "Password"
	},
	{
		"msgid": "PasswordDialog - Password rules1",
		"msgstr": "Password rules : "
	},
	{
		"msgid": "PasswordDialog - Password rules2",
		"msgstr": "At least 12 characters"
	},
	{
		"msgid": "PasswordDialog - Password rules3",
		"msgstr": "At least 1 uppercase"
	},
	{
		"msgid": "PasswordDialog - Password rules4",
		"msgstr": "At least 1 lowercase"
	},
	{
		"msgid": "PasswordDialog - Password rules5",
		"msgstr": "At least one number"
	},
	{
		"msgid": "PasswordDialog - Password rules6",
		"msgstr": "At least one special character"
	},
	{
		"msgid": "PrintPageBuilder - Cancel print",
		"msgstr": "Cancel print"
	},
	{
		"msgid": "PrintPageBuilder - Print",
		"msgstr": "Print"
	},
	{
		"msgid": "PrintRouteMapDialog - Another browser",
		"msgstr": "another browser"
	},
	{
		"msgid": "PrintRouteMapDialog - Border width",
		"msgstr": "Border width:"
	},
	{
		"msgid": "PrintRouteMapDialog - Border width units",
		"msgstr": "mm."
	},
	{
		"msgid": "PrintRouteMapDialog - Paper height",
		"msgstr": "Paper height"
	},
	{
		"msgid": "PrintRouteMapDialog - Paper height units",
		"msgstr": "mm."
	},
	{
		"msgid": "PrintRouteMapDialog - Paper width",
		"msgstr": "Paper width"
	},
	{
		"msgid": "PrintRouteMapDialog - Paper width units",
		"msgstr": "mm."
	},
	{
		"msgid": "PrintRouteMapDialog - Print",
		"msgstr": "Print a route map"
	},
	{
		"msgid": "PrintRouteMapDialog - Print notes",
		"msgstr": "Print notes"
	},
	{
		"msgid": "PrintRouteMapDialog - Print with",
		"msgstr": "I use"
	},
	{
		"msgid": "PrintRouteMapDialog - Zoom factor",
		"msgstr": "Zoom:"
	},
	{
		"msgid": "ProfileContextMenu - Add a note to the route at this point",
		"msgstr": "Add a note to the route at this point"
	},
	{
		"msgid": "ProfileContextMenu - Zoom to this point",
		"msgstr": "Zoom to this point"
	},
	{
		"msgid": "ProfileWindow - Ascent: {ascent} m. - Descent: {descent} m. - Distance: {distance}",
		"msgstr": "Ascent : {ascent} m. - Descent : {descent} m. - Distance : {distance}"
	},
	{
		"msgid": "ProfileWindow - Route {name}",
		"msgstr": "Route : {name}"
	},
	{
		"msgid": "ProfileWindow - Profile",
		"msgstr": "Profile"
	},
	{
		"msgid": "ProvidersToolbar - Computed by {provider} for {transitMode}",
		"msgstr": "Itinerary computed by {provider} for {transitMode}"
	},
	{
		"msgid": "ProvidersToolbar - TransitMode bike",
		"msgstr": "a bike"
	},
	{
		"msgid": "ProvidersToolbar - TransitMode car",
		"msgstr": "a car"
	},
	{
		"msgid": "ProvidersToolbar - TransitMode circle",
		"msgstr": "a circle"
	},
	{
		"msgid": "ProvidersToolbar - TransitMode line",
		"msgstr": "a line"
	},
	{
		"msgid": "ProvidersToolbar - TransitMode pedestrian",
		"msgstr": "a pedestrian"
	},
	{
		"msgid": "ProvidersToolbar - TransitMode train",
		"msgstr": "a train"
	},
{
		"msgid": "RoadbookLoader - show maneuver",
		"msgstr": "Show maneuver"
	},
	{
		"msgid": "RoadbookLoader - show routes notes",
		"msgstr": "Show routes notes"
	},
	{
		"msgid": "RoadbookLoader - show small routes notes",
		"msgstr": "Small notes"
	},
	{
		"msgid": "RoadbookLoader - show travel notes",
		"msgstr": "Show travel notes"
	},
	{
		"msgid": "RouteContextMenu - Add a note on the route",
		"msgstr": "Add a note on the route"
	},
	{
		"msgid": "RouteContextMenu - Cancel modifications on this route",
		"msgstr": "Cancel the modifications on this route"
	},
	{
		"msgid": "RouteContextMenu - Create a note for each route maneuver",
		"msgstr": "Create a note for each route maneuver"
	},
	{
		"msgid": "RouteContextMenu - Delete this route",
		"msgstr": "Delete this route"
	},
	{
		"msgid": "RouteContextMenu - Edit this route",
		"msgstr": "Edit this route"
	},
	{
		"msgid": "RouteContextMenu - Hide this route",
		"msgstr": "Hide this route"
	},
	{
		"msgid": "RouteContextMenu - Invert waypoints",
		"msgstr": "Invert waypoints of this route"
	},
	{
		"msgid": "RouteContextMenu - Print route map",
		"msgstr": "Print the maps for this route"
	},
	{
		"msgid": "RouteContextMenu - Properties",
		"msgstr": "Modify the properties of this route"
	},
	{
		"msgid": "RouteContextMenu - Save modifications on this route",
		"msgstr": "Save the modifications on this route"
	},
	{
		"msgid": "RouteContextMenu - Save this route in a GPX file",
		"msgstr": "Save this route in a GPX file"
	},
	{
		"msgid": "RouteContextMenu - Show this route",
		"msgstr": "Show this route"
	},
	{
		"msgid": "RouteContextMenu - View the elevation",
		"msgstr": "View the profile of this route"
	},
	{
		"msgid": "RouteContextMenu - Zoom to route",
		"msgstr": "Zoom to route"
	},
	{
		"msgid": "RouteEditor - Not possible to edit a route created with this provider",
		"msgstr": "It's impossible to edit a route created with this provider ({provider})."
	},
	{
		"msgid": "RouteHTMLViewsFactory - Ascent",
		"msgstr": "Ascent"
	},
	{
		"msgid": "RouteHTMLViewsFactory - Descent",
		"msgstr": "Descent"
	},
	{
		"msgid": "RouteHTMLViewsFactory - Distance from start of route",
		"msgstr": "Distance from start of route"
	},
	{
		"msgid": "RouteHTMLViewsFactory - Distance from start of travel",
		"msgstr": "Distance from start of travel"
	},
	{
		"msgid": "RouteHTMLViewsFactory - Duration",
		"msgstr": "Time"
	},
	{
		"msgid": "RouteHTMLViewsFactory - Itinerary computed by {provider} and optimized for {transitMode}",
		"msgstr": "Itinerary computed by {provider} and optimized for {transitMode}"
	},
	{
		"msgid": "RouteHTMLViewsFactory - kArriveDefault",
		"msgstr": "Arrival"
	},
	{
		"msgid": "RouteHTMLViewsFactory - kArriveLeft",
		"msgstr": "Arrival on the left"
	},
	{
		"msgid": "RouteHTMLViewsFactory - kArriveRight",
		"msgstr": "Arrival on the right"
	},
	{
		"msgid": "RouteHTMLViewsFactory - kContinueLeft",
		"msgstr": "Continue - the road turns left"
	},
	{
		"msgid": "RouteHTMLViewsFactory - kContinueRight",
		"msgstr": "Continue - the road turns right"
	},
	{
		"msgid": "RouteHTMLViewsFactory - kContinueSharpLeft",
		"msgstr": "Continue - the road turns sharp left"
	},
	{
		"msgid": "RouteHTMLViewsFactory - kContinueSharpRight",
		"msgstr": "Continue - the road turns sharp right"
	},
	{
		"msgid": "RouteHTMLViewsFactory - kContinueSlightLeft",
		"msgstr": "Continue - the road turns slight left"
	},
	{
		"msgid": "RouteHTMLViewsFactory - kContinueSlightRight",
		"msgstr": "Continue - the road turns slight right"
	},
	{
		"msgid": "RouteHTMLViewsFactory - kContinueStraight",
		"msgstr": "Continuer"
	},
	{
		"msgid": "RouteHTMLViewsFactory - kDepartDefault",
		"msgstr": "Start"
	},
	{
		"msgid": "RouteHTMLViewsFactory - kDepartLeft",
		"msgstr": "Start on the left"
	},
	{
		"msgid": "RouteHTMLViewsFactory - kDepartRight",
		"msgstr": "Start on the right"
	},
	{
		"msgid": "RouteHTMLViewsFactory - kEndOfRoadLeft",
		"msgstr": "Turn left at the end of the road"
	},
	{
		"msgid": "RouteHTMLViewsFactory - kEndOfRoadRight",
		"msgstr": "Turn right at the end of the road"
	},
	{
		"msgid": "RouteHTMLViewsFactory - kFerryEnter",
		"msgstr": "Get on the ferry"
	},
	{
		"msgid": "RouteHTMLViewsFactory - kFerryExit",
		"msgstr": "Get off the ferry"
	},
	{
		"msgid": "RouteHTMLViewsFactory - kForkLeft",
		"msgstr": "Turn left at the fork"
	},
	{
		"msgid": "RouteHTMLViewsFactory - kForkRight",
		"msgstr": "Turn right at the fork"
	},
	{
		"msgid": "RouteHTMLViewsFactory - kMergeDefault",
		"msgstr": "Join the other road"
	},
	{
		"msgid": "RouteHTMLViewsFactory - kMergeLeft",
		"msgstr": "Join the road on the left"
	},
	{
		"msgid": "RouteHTMLViewsFactory - kMergeRight",
		"msgstr": "Join the road on the left"
	},
	{
		"msgid": "RouteHTMLViewsFactory - kNewNameLeft",
		"msgstr": "The road changes name and turns left"
	},
	{
		"msgid": "RouteHTMLViewsFactory - kNewNameRight",
		"msgstr": "The road changes name and turns right"
	},
	{
		"msgid": "RouteHTMLViewsFactory - kNewNameSharpLeft",
		"msgstr": "The road changes name and turns sharp left"
	},
	{
		"msgid": "RouteHTMLViewsFactory - kNewNameSharpRight",
		"msgstr": "The road changes name and turns sharp right"
	},
	{
		"msgid": "RouteHTMLViewsFactory - kNewNameSlightLeft",
		"msgstr": "The road changes name and turns slight left"
	},
	{
		"msgid": "RouteHTMLViewsFactory - kNewNameSlightRight",
		"msgstr": "The road changes name and turns slight right"
	},
	{
		"msgid": "RouteHTMLViewsFactory - kNewNameStraight",
		"msgstr": "The road changes name and continues"
	},
	{
		"msgid": "RouteHTMLViewsFactory - kOffRampLeft",
		"msgstr": "Exit via the ramp on the left"
	},
	{
		"msgid": "RouteHTMLViewsFactory - kOffRampRight",
		"msgstr": "Exit via the ramp on the right"
	},
	{
		"msgid": "RouteHTMLViewsFactory - kOnRampLeft",
		"msgstr": "Exit the ramp keeping to the left"
	},
	{
		"msgid": "RouteHTMLViewsFactory - kOnRampRight",
		"msgstr": "Exit the ramp keeping to the right"
	},
	{
		"msgid": "RouteHTMLViewsFactory - kRotaryLeft",
		"msgstr": "Enter the roundabout clockwise"
	},
	{
		"msgid": "RouteHTMLViewsFactory - kRotaryRight",
		"msgstr": "Enter the roundabout counterclockwise"
	},
	{
		"msgid": "RouteHTMLViewsFactory - kRoundaboutExit",
		"msgstr": "Exit the roundabout"
	},
	{
		"msgid": "RouteHTMLViewsFactory - kRoundaboutLeft",
		"msgstr": "Enter the roundabout clockwise"
	},
	{
		"msgid": "RouteHTMLViewsFactory - kRoundaboutRight",
		"msgstr": "Enter the roundabout counterclockwise"
	},
	{
		"msgid": "RouteHTMLViewsFactory - kRoundaboutTurnLeft",
		"msgstr": "Turn left at the small roundabout"
	},
	{
		"msgid": "RouteHTMLViewsFactory - kRoundaboutTurnRight",
		"msgstr": "Turn right at the small roundabout"
	},
	{
		"msgid": "RouteHTMLViewsFactory - kRoundaboutTurnSharpLeft",
		"msgstr": "Turn sharp left at the small roundabout"
	},
	{
		"msgid": "RouteHTMLViewsFactory - kRoundaboutTurnSharpRight",
		"msgstr": "Turn sharp right at the small roundabout"
	},
	{
		"msgid": "RouteHTMLViewsFactory - kRoundaboutTurnSlightLeft",
		"msgstr": "Turn slight left at the small roundabout"
	},
	{
		"msgid": "RouteHTMLViewsFactory - kRoundaboutTurnSlightRight",
		"msgstr": "Turn slight right at the small roundabout"
	},
	{
		"msgid": "RouteHTMLViewsFactory - kRoundaboutTurnStraight",
		"msgstr": "Continue at the small roundabout"
	},
	{
		"msgid": "RouteHTMLViewsFactory - kStayLeft",
		"msgstr": "Stay left"
	},
	{
		"msgid": "RouteHTMLViewsFactory - kStayRight",
		"msgstr": "Stay right"
	},
	{
		"msgid": "RouteHTMLViewsFactory - kStayStraight",
		"msgstr": "Stay straight"
	},
	{
		"msgid": "RouteHTMLViewsFactory - kTurnLeft",
		"msgstr": "Turn left"
	},
	{
		"msgid": "RouteHTMLViewsFactory - kTurnRight",
		"msgstr": "Turn right"
	},
	{
		"msgid": "RouteHTMLViewsFactory - kTurnSharpLeft",
		"msgstr": "Turn sharp left"
	},
	{
		"msgid": "RouteHTMLViewsFactory - kTurnSharpRight",
		"msgstr": "Turn sharp right"
	},
	{
		"msgid": "RouteHTMLViewsFactory - kTurnSlightLeft",
		"msgstr": "Turn slight left"
	},
	{
		"msgid": "RouteHTMLViewsFactory - kTurnSlightRight",
		"msgstr": "Turn slight right"
	},
	{
		"msgid": "RouteHTMLViewsFactory - kTurnStraight",
		"msgstr": "Continue"
	},
	{
		"msgid": "RouteHTMLViewsFactory - kTurnUturn",
		"msgstr": "Make a U-turn"
	},
	{
		"msgid": "RouteHTMLViewsFactory - kUndefined",
		"msgstr": "???"
	},
	{
		"msgid": "RouteHTMLViewsFactory - kUturnLeft",
		"msgstr": "Make a U-turn on the left"
	},
	{
		"msgid": "RouteHTMLViewsFactory - kUturnRight",
		"msgstr": "Make a U-turn on the right"
	},
	{
		"msgid": "RouteHTMLViewsFactory - kTrainStart",
		"msgstr": "Take the train"
	},
	{
		"msgid": "RouteHTMLViewsFactory - kTrainContinue",
		"msgstr": "Stay on the train"
	},
	{
		"msgid": "RouteHTMLViewsFactory - kTrainEnd",
		"msgstr": "Get off the train"
	},
	{
		"msgid": "RouteHTMLViewsFactory - Next maneuver after",
		"msgstr": "Next maneuver after"
	},
	{
		"msgid": "RouteHTMLViewsFactory - Profile",
		"msgstr": "Profile"
	},
	{
		"msgid": "RouteHTMLViewsFactory - Route distance",
		"msgstr": "Route distance"
	},
	{
		"msgid": "RouteHTMLViewsFactory - TransitMode bike",
		"msgstr": " a bike"
	},
	{
		"msgid": "RouteHTMLViewsFactory - TransitMode car",
		"msgstr": " a car"
	},
	{
		"msgid": "RouteHTMLViewsFactory - TransitMode circle",
		"msgstr": " a circle"
	},
	{
		"msgid": "RouteHTMLViewsFactory - TransitMode line",
		"msgstr": " a line"
	},
	{
		"msgid": "RouteHTMLViewsFactory - TransitMode pedestrian",
		"msgstr": " a pedestrian"
	},
	{
		"msgid": "RouteHTMLViewsFactory - TransitMode train",
		"msgstr": " a train"
	},
	{
		"msgid": "RoutePrinter - The maximum of allowed pages is reached.",
		"msgstr": "The maximum of allowed pages is reached."
	},
	{
		"msgid": "RoutePropertiesDialog - Chained route",
		"msgstr": "Chained route : "
	},
	{
		"msgid": "RoutePropertiesDialog - Color",
		"msgstr": "Color : "
	},
	{
		"msgid": "RoutePropertiesDialog - Linetype",
		"msgstr": "Linetype : "
	},
	{
		"msgid": "RoutePropertiesDialog - Name",
		"msgstr": "Route name : "
	},
	{
		"msgid": "RoutePropertiesDialog - Route properties",
		"msgstr": "Route properties"
	},
	{
		"msgid": "RoutePropertiesDialog - Width",
		"msgstr": "Width : "
	},
	{
		"msgid": "SaveAsDialog - Remove Maneuvers",
		"msgstr": "Remove Maneuvers"
	},
	{
		"msgid": "SaveAsDialog - Remove Routes Notes",
		"msgstr": "Remove Routes Notes"
	},
	{
		"msgid": "SaveAsDialog - Remove Travel Notes",
		"msgstr": "Remove Travel Notes"
	},
	{
		"msgid": "SaveAsDialog - SaveAs",
		"msgstr": "Select :"
	},
	{
		"msgid": "StreetFinder - at the small roundabout on the ground",
		"msgstr": " at the small roundabout on the ground"
	},
	{
		"msgid": "StreetFinder - continue roundabout",
		"msgstr": " and continue in the roundabout"
	},
	{
		"msgid": "StreetFinder - entry roundabout",
		"msgstr": " to enter the roundabout"
	},
	{
		"msgid": "StreetFinder - exit roundabout",
		"msgstr": " to exit the roundabout"
	},
	{
		"msgid": "StreetFinder - rcnRef",
		"msgstr": " (node-point {rcnRef})"
	},
	{
		"msgid": "TravelEditor - Gives a name to the travel",
		"msgstr": "Gives first a name to the travel"
	},
	{
		"msgid": "TravelEditor - Not possible to partial save when a route is edited.",
		"msgstr": "Not possible to partial save when a route is edited."
	},
	{
		"msgid": "TravelEditor - This page ask to close; data are perhaps not saved.",
		"msgstr": "This page ask to close; data are perhaps not saved."
	},
	{
		"msgid": "TravelHTMLViewsFactory - OpenStreetMap contributors",
		"msgstr": "OpenStreetMap contributors"
	},
	{
		"msgid": "travelHTMLViewsFactory - Travel ascent",
		"msgstr": "Travel ascent"
	},
	{
		"msgid": "TravelHTMLViewsFactory - Travel descent",
		"msgstr": "Travel descent"
	},
	{
		"msgid": "TravelHTMLViewsFactory - Travel distance",
		"msgstr": "Travel distance"
	},
	{
		"msgid": "TravelHTMLViewsFactory - Travel footer",
		"msgstr": "Done with "
	},
	{
		"msgid": "TravelNotesDialog - Travel notes dialog",
		"msgstr": "Travel notes"
	},
	{
		"msgid": "TravelNotesToolbar - disable fullscreen",
		"msgstr": "Disable fullscreen"
	},
	{
		"msgid": "TravelNotesToolbar - enable fullscreen",
		"msgstr": "Enable fullscreen"
	},
	{
		"msgid": "TravelNotesToolbar - Increment the font size",
		"msgstr": "Increment the font size"
	},
	{
		"msgid": "TravelNotesToolbar - Decrement the font size",
		"msgstr": "Decrement the font size"
	},
	{
		"msgid": "TravelNotesToolbar - About Travel & Notes",
		"msgstr": "About Travel & Notes"
	},
	{
		"msgid": "TravelNotesToolbar - api keys",
		"msgstr": "Api keys management"
	},
	{
		"msgid": "TravelNotesToolbar - Start Geo location",
		"msgstr": "Start the geo location"
	},
	{
		"msgid": "TravelNotesToolbar - Stop Geo location",
		"msgstr": "Stop the geo location"
	},
	{
		"msgid": "TravelNotesToolbar - Cancel travel",
		"msgstr": "Cancel travel"
	},
	{
		"msgid": "TravelNotesToolbar - Import travel",
		"msgstr": "Import routes and notes from another travel file ( {openTaN} ) or a gpx file ( {openGpx} )"
	},
	{
		"msgid": "TravelNotesToolbar - Not possible to merge a travel when a route is edited",
		"msgstr": "Not possible to merge a travel when a route is edited"
	},
	{
		"msgid": "TravelNotesToolbar - Open travel",
		"msgstr": "Open a travel file (.trv) or a .gpx file"
	},
	{
		"msgid": "TravelNotesToolbar - Open travel roadbook",
		"msgstr": "Open the roadbook"
	},
	{
		"msgid": "TravelNotesToolbar - Search with OpenStreetMap",
		"msgstr": "Search with OpenStreetMap"
	},
	{
		"msgid": "TravelNotesToolbar - Save as travel",
		"msgstr": "☢️ Partial save in a file .{extension} ☢️"
	},
	{
		"msgid": "TravelNotesToolbar - Save travel",
		"msgstr": "Save the travel in a file .{extension}"
	},
	{
		"msgid": "TravelNotesToolbar - This page ask to close; data are perhaps not saved.",
		"msgstr": "This page ask to close; data are perhaps not saved."
	},
	{
		"msgid": "TravelNotesToolbar - Travel notes",
		"msgstr": "Travel notes"
	},
	{
		"msgid": "TravelNotesToolbar - Travel properties",
		"msgstr": "Travel properties"
	},
	{
		"msgid": "TravelPropertiesDialog - Name",
		"msgstr": "Travel name"
	},
	{
		"msgid": "TravelPropertiesDialog - Routes",
		"msgstr": "Routes"
	},
	{
		"msgid": "TravelPropertiesDialog - Travel properties",
		"msgstr": "Travel properties"
	},
	{
		"msgid": "UrlInputBlurEL - invalidUrl",
		"msgstr": "Invalid link"
	},
	{
		"msgid": "Utilities - Day",
		"msgstr": "days"
	},
	{
		"msgid": "Utilities - Hour",
		"msgstr": "h"
	},
	{
		"msgid": "Utilities - Minute",
		"msgstr": "min"
	},
	{
		"msgid": "Utilities - Second",
		"msgstr": "sec"
	},
	{
		"msgid": "WayPointContextMenu - Delete this waypoint",
		"msgstr": "Delete this waypoint"
	},
	{
		"msgid": "WayPointContextMenu - Modify properties",
		"msgstr": "Modify the properties of this waypoint"
	},
	{
		"msgid": "WayPointPropertiesDialog - Name",
		"msgstr": "Name : "
	},
	{
		"msgid": "WayPointPropertiesDialog - Waypoint properties",
		"msgstr": "Waypoint properties"
	}
]