[
	{
		"service":"wmts",
		"url":"https://{s}.tile.thunderforest.com/transport/{z}/{x}/{y}.png?apikey={providerKey}",
		"name":"Thunderforest - Transport",
		"toolbar":
		{
			"text":"🚍",
			"color":"#000000",
			"backgroundColor":"#ffffff"
		},
		"providerName":"Thunderforest",
		"providerKeyNeeded":true,
		"attribution":"| Tiles courtesy of <a href='https://www.thunderforest.com/' target='_blank' title='Andy Allan'>Andy Allan</a> "
	},		
	{
		"service":"wmts",
		"url":"https://{s}.tile.thunderforest.com/cycle/{z}/{x}/{y}.png?apikey={providerKey}",
		"name":"Thunderforest - OpenCycleMap",
		"toolbar":
		{
			"text":"🚴",
			"color":"#000000",
			"backgroundColor":"#ffffff"
		},
		"providerName":"Thunderforest",
		"providerKeyNeeded":true,
		"attribution":"| Tiles courtesy of <a href='https://www.thunderforest.com/' target='_blank' title='Andy Allan'>Andy Allan</a> "
	},
	{
		"service":"wmts",
		"url":"https://{s}.tile.thunderforest.com/outdoors/{z}/{x}/{y}.png?apikey={providerKey}",
		"name":"Thunderforest - Outdoors",
		"toolbar":
		{
			"text":"🚶‍",
			"color":"#000000",
			"backgroundColor":"#ffffff"
		},
		"providerName":"Thunderforest",
		"providerKeyNeeded":true,
		"attribution":"| Tiles courtesy of <a href='https://www.thunderforest.com/' target='_blank' title='Andy Allan'>Andy Allan</a> "
	},
	{
		"service":"wmts",
		"url":"https://{s}.tile.thunderforest.com/landscape/{z}/{x}/{y}.png?apikey={providerKey}",
		"name":"Thunderforest - Landscape",
		"toolbar":
		{
			"text":"🌄",
			"color":"#000000",
			"backgroundColor":"#ffffff"
		},
		"providerName":"Thunderforest",
		"providerKeyNeeded":true,
		"attribution":"| Tiles courtesy of <a href='https://www.thunderforest.com/' target='_blank' title='Andy Allan'>Andy Allan</a> "
	},
	{
		"service":"wmts",
		"url":"https://server.arcgisonline.com/ArcGIS/rest/services/World_Imagery/MapServer/tile/{z}/{y}/{x}",
		"name":"Esri - Aerial view",
		"toolbar":
		{
			"text":"📷",
			"color":"#000000",
			"backgroundColor":"#ffffff"
		},
		"providerName":"Arcgis",
		"providerKeyNeeded":false,
		"attribution":"| Tiles © Esri — Source: Esri, i-cubed, USDA, USGS, AEX, GeoEye, Getmapping, Aerogrid, IGN, IGP, UPR-EGP, and the GIS User Community "
	},
	{
		"service":"wms",
		"url":"https://ccff02.minfin.fgov.be/geoservices/arcgis/services/INSPIRE/CP/MapServer/WmsServer",
		"wmsOptions":
		{
			"layers":"0,1",
			"format":"image/png",
			"transparent":true,
			"version":"1.3.1"
		},
		"bounds":[ [ 49.49, 2.54 ], [ 51.51, 6.49 ] ],
		"minZoom":15,
		"maxZoom":20,
		"name":"SPF Finances - Parcelles cadastrales",
		"toolbar":
		{
			"text":"CAD",
			"color":"#000000",
			"backgroundColor":"#ffffff"
		},
		"providerName":"SPF",
		"providerKeyNeeded":true,
		"attribution":"| <a href='https://finances.belgium.be/' target='_blank'>SPF Finances - Administration Générale de la Documentation Patrimoniale (AGDP)</a>",
		"getCapabilitiesUrl":"https://ccff02.minfin.fgov.be/geoservices/arcgis/services/INSPIRE/CP/MapServer/WmsServer?request=getcapabilities&service=wms&version=1.3.0"
	},
	{
		"service":"wms",
		"url":"https://geoservices.wallonie.be/arcgis/services/CARTES_ANCIENNES/FERRARIS/MapServer/WMSServer",
		"wmsOptions":
		{
			"layers":"0",
			"format":"image/png",
			"transparent":true
		},
		"bounds":[ [ 49.15, 2.56 ], [ 50.95, 6.49 ] ],
		"minZoom":7,
		"name":"Service Public de Wallonie - Ferraris map 1770 - 1776",
		"toolbar":
		{
			"text":"1771",
			"color":"#000000",
			"backgroundColor":"#ffffff"
		},
		"providerName":"SPW",
		"providerKeyNeeded":true,
		"attribution":"| <a href='http://geoportail.wallonie.be/home.html' target='_blank'>Service public de Wallonie (SPW)</a>",
		"getCapabilitiesUrl":"https://geoservices.wallonie.be/arcgis/services/CARTES_ANCIENNES/FERRARIS/MapServer/WMSServer?REQUEST=GetCapabilities&SERVICE=WMS"
	},
	{
		"service":"wms",
		"url":"https://geoservices.wallonie.be/arcgis/services/CARTES_ANCIENNES/VDML/MapServer/WMSServer",
		"wmsOptions":
		{
			"layers":"0",
			"format":"image/png",
			"transparent":true
		},
		"bounds":[ [ 49.48, 2.77 ], [ 50.85, 6.15 ] ],
		"minZoom":7,
		"name":"Service Public de Wallonie - Vander Maelen map - 1850",
		"toolbar":
		{
			"text":"1850",
			"color":"#000000",
			"backgroundColor":"#ffffff"
		},
		"providerName":"SPW",
		"providerKeyNeeded":true,
		"attribution":"| <a href='http://geoportail.wallonie.be/home.html' target='_blank'>Service public de Wallonie (SPW)</a>",
		"getCapabilitiesUrl":"https://geoservices.wallonie.be/arcgis/services/CARTES_ANCIENNES/VDML/MapServer/WMSServer?REQUEST=GetCapabilities&SERVICE=WMS"
	},
	{
		"service":"wms",
		"url":"https://geoservices.wallonie.be/arcgis/services/PLAN_REGLEMENT/ATLAS_VV_MODIF/MapServer/WMSServer",
		"wmsOptions":
		{
			"layers":"0,1,2,3",
			"format":"image/png",
			"transparent":true
		},
		"minZoom":14,
		"maxZoom":18,
		"bounds":[ [ 49.42, 2.65 ], [ 51.11, 6.65 ] ],
		"name":"Service Public de Wallonie - Atlas de la voirie vicinale - 1841",
		"toolbar":
		{
			"text":"1841",
			"color":"#000000",
			"backgroundColor":"#ffffff"
		},
		"providerName":"SPW",
		"providerKeyNeeded":true,
		"attribution":"| <a href='http://geoportail.wallonie.be/home.html' target='_blank'>Service public de Wallonie (SPW)</a>",
		"getCapabilitiesUrl":"http://geoservices.wallonie.be/arcgis/services/PLAN_REGLEMENT/ATLAS_VV_MODIF/MapServer/WMSServer?REQUEST=GetCapabilities&SERVICE=WMS"
	},
	{
		"service":"wms",
		"url":"https://geoservices.informatievlaanderen.be/raadpleegdiensten/histcart/wms",
		"wmsOptions": 
		{
			"layers":"ferraris",
			"format":"image/png",
			"transparent":true
		},
		"minZoom":7,
		"bounds":[ [ 51.51, 5.94 ], [ 50.64, 2.52 ] ],
		"name":"Informatie Vlaanderen - Ferraris kaart - 1770 - 1776",
		"toolbar":
		{
			"text":"1771",
			"color":"#000000",
			"backgroundColor":"#ffffff"
		},
		"providerName":"IVL",
		"providerKeyNeeded":true,
		"attribution":"| <a href='https://overheid.vlaanderen.be/Webdiensten-Ons-GIS-aanbod' target=_blank'>Informatie Vlaanderen</a>",
		"getCapabilitiesUrl":"https://geoservices.informatievlaanderen.be/raadpleegdiensten/histcart/wms?request=getcapabilities&version=1.3.0&service=wms"
	},
	{
		"service":"wms",
		"url":"https://geoservices.informatievlaanderen.be/raadpleegdiensten/histcart/wms",
		"wmsOptions":
		{
			"layers":"vandermaelen",
			"format":"image/png",
			"transparent":true
		},
		"minZoom":7,
		"bounds":[ [ 51.51, 5.94 ], [ 50.64, 2.52 ] ],
		"name":"Informatie Vlaanderen - Vander Maelen kaart - 1850",
		"toolbar":
		{
			"text":"1850",
			"color":"#000000",
			"backgroundColor":"#ffffff"
		},
		"providerName":"IVL",
		"providerKeyNeeded":true,
		"attribution":"| <a href='https://overheid.vlaanderen.be/Webdiensten-Ons-GIS-aanbod' target=_blank'>Informatie Vlaanderen</a>",
		"getCapabilitiesUrl":"https://geoservices.informatievlaanderen.be/raadpleegdiensten/histcart/wms?request=getcapabilities&version=1.3.0&service=wms"
	},
	{
		"service":"wms",
		"url":"https://wms.ngi.be/inspire/cartesius/service",
		"wmsOptions": 
		{
			"layers":"map1873",
			"format":"image/png",
			"transparent":true
		},
		"minZoom":7,
		"bounds":[ [ 49.43, 2.44 ], [ 51.55, 6.45 ] ],
		"name":"IGN-NGI - Belgium 1873",
		"toolbar":
		{
			"text":"1873",
			"color":"#000000",
			"backgroundColor":"#ffffff"
		},
		"providerName":"IGN",
		"providerKeyNeeded":true,
		"attribution":"| NGI &copy; IGN 2016. Toute reproduction ou adaptation sous quelque forme que ce soit est interdite. <a href='https://topomapviewer.ngi.be/conditions/conditions.html' target='_blank'>Conditions d&apos;utilisation</a>",
		"getCapabilitiesUrl":"https://wms.ngi.be/inspire/cartesius/service?REQUEST=GetCapabilities&SERVICE=WMS"
	},
	{
		"service":"wms",
		"url":"https://wms.ngi.be/inspire/cartesius/service",
		"wmsOptions":
		{
			"layers":"map1904",
			"format":"image/png",
			"transparent":true
		},
		"minZoom":7,
		"bounds":[ [ 49.43, 2.44 ], [ 51.55, 6.45 ] ],
		"name":"IGN-NGI - Belgium 1904",
		"toolbar":
		{
			"text":"1904",
			"color":"#000000",
			"backgroundColor":"#ffffff"
		},
		"providerName":"IGN",
		"providerKeyNeeded":true,
		"attribution":"| NGI &copy; IGN 2016. Toute reproduction ou adaptation sous quelque forme que ce soit est interdite. <a href='https://topomapviewer.ngi.be/conditions/conditions.html' target='_blank'>Conditions d&apos;utilisation</a>",
		"getCapabilitiesUrl":"https://wms.ngi.be/inspire/cartesius/service?REQUEST=GetCapabilities&SERVICE=WMS"
	},
	{
		"service":"wms",
		"url":"https://wms.ngi.be/inspire/cartesius/service", 
		"wmsOptions":
		{
			"layers":"map1939",
			"format":"image/png",
			"transparent":true
		},
		"minZoom":7,
		"bounds":[ [ 49.43, 2.44 ], [ 51.55, 6.45 ] ],
		"name":"IGN-NGI - Belgium 1939",
		"toolbar":
		{
			"text":"1939",
			"color":"#000000",
			"backgroundColor":"#ffffff"
		},
		"providerName":"IGN",
		"providerKeyNeeded":true,
		"attribution":"| NGI &copy; IGN 2016. Toute reproduction ou adaptation sous quelque forme que ce soit est interdite. <a href='https://topomapviewer.ngi.be/conditions/conditions.html' target='_blank'>Conditions d&apos;utilisation</a>",
		"getCapabilitiesUrl":"https://wms.ngi.be/inspire/cartesius/service?REQUEST=GetCapabilities&SERVICE=WMS"
	},
	{
		"service":"wms",
		"url":"https://wms.ngi.be/inspire/cartesius/service",
		"wmsOptions":
		{
			"layers":"map1969",
			"format":"image/png",
			"transparent":true
		},
		"minZoom":7,
		"bounds":[ [ 49.43, 2.44 ], [ 51.55, 6.45 ] ],
		"name":"IGN-NGI - Belgium 1969",
		"toolbar":
		{
			"text":"1969",
			"color":"#000000",
			"backgroundColor":"#ffffff"
		},
		"providerName":"IGN",
		"providerKeyNeeded":true,
		"attribution":"| NGI &copy; IGN 2016. Toute reproduction ou adaptation sous quelque forme que ce soit est interdite. <a href='https://topomapviewer.ngi.be/conditions/conditions.html' target='_blank'>Conditions d&apos;utilisation</a>",
		"getCapabilitiesUrl":"https://wms.ngi.be/inspire/cartesius/service?REQUEST=GetCapabilities&SERVICE=WMS"
	},
	{
		"service":"wms",
		"url":"https://wms.ngi.be/inspire/cartesius/service",
		"wmsOptions":
		{
			"layers":"map1981",
			"format":"image/png",
			"transparent":true
		},
		"minZoom":7,
		"bounds":[ [ 49.43, 2.44 ], [ 51.55, 6.45 ] ],
		"name":"IGN-NGI - Belgium 1981",
		"toolbar":
		{
			"text":"1981",
			"color":"#000000",
			"backgroundColor":"#ffffff"
		},
		"providerName":"IGN",
		"providerKeyNeeded":true,
		"attribution":"| NGI &copy; IGN 2016. Toute reproduction ou adaptation sous quelque forme que ce soit est interdite. <a href='https://topomapviewer.ngi.be/conditions/conditions.html' target='_blank'>Conditions d&apos;utilisation</a>",
		"getCapabilitiesUrl":"https://wms.ngi.be/inspire/cartesius/service?REQUEST=GetCapabilities&SERVICE=WMS"
	},
	{
		"service":"wms",
		"url":"https://wms.ngi.be/inspire/cartesius/service",
		"wmsOptions":
		{
			"layers":"map1989",
			"format":"image/png",
			"transparent":true
		},
		"minZoom":7,
		"bounds":[ [ 49.43, 2.44 ], [ 51.55, 6.45 ] ],
		"name":"IGN-NGI - Belgium 1989",
		"toolbar":
		{
			"text":"1989",
			"color":"#000000",
			"backgroundColor":"#ffffff"
		},
		"providerName":"IGN",
		"providerKeyNeeded":true,
		"attribution":"| NGI &copy; IGN 2016. Toute reproduction ou adaptation sous quelque forme que ce soit est interdite. <a href='https://topomapviewer.ngi.be/conditions/conditions.html' target='_blank'>Conditions d&apos;utilisation</a>",
		"getCapabilitiesUrl":"https://wms.ngi.be/inspire/cartesius/service?REQUEST=GetCapabilities&SERVICE=WMS"
	},
	{
		"service":"wmts",
		"url":"https://cartoweb.wmts.ngi.be/1.0.0/topo/default/3857/{z}/{y}/{x}.png",
		"minZoom":7,
		"maxZoom":17,
		"bounds":[ [ 49.49, 2.54 ], [ 51.51, 6.41 ] ],
		"name":"IGN-NGI - Belgium now",
		"toolbar":
		{
			"text":"BE",
			"color":"#000000",
			"backgroundColor":"#ffffff"
		},
		"providerName":"IGN",
		"providerKeyNeeded":false,
		"attribution":"| NGI © IGN 2016. <a href=\u0027https://www.ngi.be/website/fr/conditions-dutilisation-pour-le-service-cartoweb-be/\u0027 target='_blank'>Conditions d\u0027utilisation </a>",
		"getCapabilitiesUrl":"https://cartoweb.wmts.ngi.be/1.0.0/WMTSCapabilities.xml"
	},
	{
		"service":"wmts",
		"url":"https://wxs.ign.fr/decouverte/geoportail/wmts?&REQUEST=GetTile&SERVICE=WMTS&VERSION=1.0.0&TILEMATRIXSET=PM&LAYER=GEOGRAPHICALGRIDSYSTEMS.PLANIGNV2&STYLE=normal&FORMAT=image/png&TILECOL={x}&TILEROW={y}&TILEMATRIX={z}",
		"minZoom":0,
		"maxZoom":18,
		"bounds":[ [ -85, -175 ], [ 85, 175 ] ],
		"name":"IGN - France",
		"toolbar":
		{
			"text":"FR",
			"color":"#000000",
			"backgroundColor":"#ffffff"
		},
		"providerName":"IGN",
		"providerKeyNeeded":false,
		"attribution":"| <a href='https://geoservices.ign.fr/services-web' target='_blank'>IGN - France</a>",
		"getCapabilitiesUrl":"https://wxs.ign.fr/decouverte/geoportail/wmts?SERVICE=WMTS&REQUEST=GetCapabilities"
	},
	{
		"service":"wmts",
		"url":"https://service.pdok.nl/brt/achtergrondkaart/wmts/v2_0?SERVICE=WMTS&REQUEST=GetTile&VERSION=1.0.0&LAYER=standaard&TILEMATRIXSET=EPSG:3857&TILEMATRIX=EPSG:3857:{z}&TILEROW={y}&TILECOL={x}&FORMAT=image/png8",
		"minZoom":6,
		"maxZoom":18,
		"name":"PDOK - Nederland",
		"bounds":[ [ 48.04, -1.65 ], [ 55.91, 11.29 ] ],
		"toolbar":
		{
			"text":"NL",
			"color":"#000000",
			"backgroundColor":"#ffffff"
		},
		"providerName":"NL",
		"providerKeyNeeded":false,
		"attribution":"| <a href='https://www.pdok.nl/' target='_blank'>PDOK.nl</a>",
		"getCapabilitiesUrl":"https://service.pdok.nl/brt/achtergrondkaart/wmts/v2_0?SERVICE=WMTS&REQUEST=GetCapabilities"
	},
	{
		"service":"wmts",
		"url":"https://tiles.kartat.kapsi.fi/peruskartta/{z}/{x}/{y}.jpg", 
		"bounds":[ [ 59.44507, 19.08325 ], [ 70.0988, 31.62826 ] ],
		"name":"Maanmittauslaitos - Finland",
		"minZoom":0,
		"maxZoom":18,
		"toolbar":
		{
			"text":"FI",
			"color":"#000000",
			"backgroundColor":"#ffffff"
		},
		"providerName":"Maanmittauslaitos",
		"providerKeyNeeded":false,
		"attribution":"| <a href='https://www.maanmittauslaitos.fi/en/' target='_blank'>Maanmittauslaitos</a> "
	},
	{
		"service":"wmts",
		"url":"https://opencache.statkart.no/gatekeeper/gk/gk.open_gmaps?SERVICE=WMS&srs=epsg:3857&layers=norgeskart_bakgrunn&zoom={z}&x={x}&y={y}", 
		"minZoom":1,
		"maxZoom":18,
		"bounds":[ [ 56.84, 1.40 ], [ 82.00, 40.00 ] ],
		"name":"Kartverket - Norway",
		"toolbar":
		{
			"text":"N",
			"color":"#000000",
			"backgroundColor":"#ffffff"
		},
		"providerName":"Kartverket",
		"providerKeyNeeded":false,
		"attribution":"| <a href='https://kartverket.no/' target='_blank'>Kartverket</a> "
	},
	{
		"service":"wmts",
		"url":"https://api.lantmateriet.se/open/topowebb-ccby/v1/wmts/token/{providerKey}/1.0.0/topowebb/default/3857/{z}/{y}/{x}.png",
		"maxZoom":14,
		"minZoom":0,
		"bounds":[ [ 53.9061, 6.31918 ], [ 72.0992, 29.2857 ] ],
		"name":"Lantmäteriet - Sweden",
		"toolbar":
		{
			"text":"SE",
			"color":"#000000",
			"backgroundColor":"#ffffff"
		},
		"providerName":"Lantmateriet",
		"providerKeyNeeded":true,
		"attribution":"| © <a href='https://www.lantmateriet.se/' target='_blank'>Lantmäteriet</a> "
	},
	{
		"service":"wmts",
		"url":"https://api.mapbox.com/styles/v1/mapbox/streets-v9/tiles/256/{z}/{x}/{y}?access_token={providerKey}",
		"name":"Mapbox - Streets",
		"toolbar":
		{
			"text":"M",
			"color":"#add8e6",
			"backgroundColor":"#ffffff"
		},
		"providerName":"Mapbox",
		"providerKeyNeeded":true,
		"attribution":"| © <a href='https://www.mapbox.com/about/maps/' target='_blank'>Mapbox</a> "
	},
	{
		"service":"wmts",
		"url":"https://api.mapbox.com/styles/v1/mapbox/outdoors-v9/tiles/256/{z}/{x}/{y}?access_token={providerKey}",
		"name":"Mapbox - Outdoors",
		"toolbar":
		{
			"text":"M",
			"color":"#add8e6",
			"backgroundColor":"#ffffe0"
		},
		"providerName":"Mapbox",
		"providerKeyNeeded":true,
		"attribution":"| © <a href='https://www.mapbox.com/about/maps/' target='_blank'>Mapbox</a> "
	},
	{
		"service":"wmts",
		"url":"https://api.mapbox.com/styles/v1/mapbox/light-v9/tiles/256/{z}/{x}/{y}?access_token={providerKey}",
		"name":"Mapbox - Light",
		"toolbar":
		{
			"text":"M",
			"color":"#add8e6",
			"backgroundColor":"#d3d3d3"
		},
		"providerName":"Mapbox",
		"providerKeyNeeded":true,
		"attribution":"| © <a href='https://www.mapbox.com/about/maps/' target='_blank'>Mapbox</a> "
	},
	{
		"service":"wmts",
		"url":"https://api.mapbox.com/styles/v1/mapbox/dark-v9/tiles/256/{z}/{x}/{y}?access_token={providerKey}",
		"name":"Mapbox - Dark",
		"toolbar":
		{
			"text":"M",
			"color":"#add8e6",
			"backgroundColor":"#000000"
		},
		"providerName":"Mapbox",
		"providerKeyNeeded":true,
		"attribution":"| © <a href='https://www.mapbox.com/about/maps/' target='_blank'>Mapbox</a> "
	}
]